{
  "ppo": {
    "mean_reward": -63.11299911657362,
    "std_reward": 101.19368462544772,
    "min_reward": -1026.5917239449202,
    "max_reward": -24.429044702464115,
    "median_reward": -48.377329948805965,
    "ci_reward_lower": -83.29317596495599,
    "ci_reward_upper": -42.93282226819125,
    "mean_cost": 631129.991165736,
    "std_cost": 1011936.846254477,
    "min_cost": 244290.44702464115,
    "max_cost": 10265917.239449203,
    "median_cost": 483773.2994880596,
    "ci_lower": 429328.22268191236,
    "ci_upper": 832931.7596495596,
    "mean_length": 118.13780202295786,
    "mean_backorders": 0.0,
    "mean_orders": 2.0990705490112305,
    "episode_rewards": [
      -69.1418481042335,
      -72.33263919422606,
      -37.83747132126907,
      -31.052205927670265,
      -64.7512921685502,
      -53.906554126921726,
      -60.67822074946537,
      -28.89031576538393,
      -61.56011105361072,
      -40.35655476887882,
      -58.82901271726385,
      -68.9112068437635,
      -31.83984592579309,
      -69.18369471820147,
      -28.355797574514416,
      -53.52338135093218,
      -30.746839702672965,
      -62.08373819666877,
      -112.04586843769289,
      -33.63258616806599,
      -69.68323094471553,
      -47.991514931328474,
      -51.072902264906496,
      -34.67952027113408,
      -34.688211353772914,
      -36.25052537506784,
      -50.46632320319017,
      -48.05882776244591,
      -65.80452815104357,
      -34.06789909091204,
      -26.313494000253534,
      -32.31398707673242,
      -36.02750468127365,
      -54.569004114134515,
      -24.429044702464115,
      -33.113948404369374,
      -42.80392161594592,
      -33.87620801232798,
      -36.59702980734279,
      -1026.5917239449202,
      -36.61217330454374,
      -56.50083506079267,
      -57.28287243511344,
      -39.31661082467416,
      -49.45384234167583,
      -274.6820316145388,
      -72.63607733606653,
      -40.14234240766307,
      -36.240465343559634,
      -102.61751076447308,
      -42.92008201538897,
      -58.915359898539236,
      -43.3555087483784,
      -59.2793186333883,
      -33.19546373282055,
      -82.28887154322686,
      -43.74689729285899,
      -31.149204753198184,
      -35.19647663008815,
      -42.036487955046425,
      -86.83397294902593,
      -78.11919228248856,
      -49.90142007122546,
      -51.38140467209607,
      -70.72441537336842,
      -52.7984493367003,
      -52.946047229011604,
      -73.93217478703903,
      -38.772627370647236,
      -57.29468554715102,
      -33.6224771820794,
      -41.840871835906405,
      -36.32745865417443,
      -51.98476653644184,
      -41.37874128518482,
      -41.53553057659263,
      -76.71688279470709,
      -109.4231451031591,
      -96.3249479495501,
      -29.83023352580266,
      -88.76485763485687,
      -49.17329655210288,
      -46.018964345697434,
      -27.60378814039855,
      -48.96904600822004,
      -34.234743541138165,
      -69.21017941933164,
      -43.251389494143325,
      -34.78801120161997,
      -35.259947646874814,
      -48.69583213516603,
      -73.7260588934261,
      -25.73112870091712,
      -51.64749833509703,
      -87.46627028639442,
      -37.64073848159008,
      -52.49843964695656,
      -81.79792324874002,
      -45.47662528533823,
      -31.028760436906897
    ],
    "episode_costs": [
      691418.4810423307,
      723326.3919422579,
      378374.7132126915,
      310522.0592767016,
      647512.9216854988,
      539065.5412692183,
      606782.2074946528,
      288903.15765384026,
      615601.1105361064,
      403565.54768878594,
      588290.127172638,
      689112.0684376373,
      318398.4592579325,
      691836.9471820148,
      283557.97574514424,
      535233.8135093221,
      307468.39702673047,
      620837.381966689,
      1120458.6843769287,
      336325.86168066075,
      696832.3094471571,
      479915.1493132843,
      510729.0226490629,
      346795.2027113409,
      346882.11353772867,
      362505.2537506785,
      504663.2320319014,
      480588.2776244597,
      658045.2815104323,
      340678.99090912024,
      263134.9400025358,
      323139.87076732377,
      360275.046812737,
      545690.0411413447,
      244290.44702464115,
      331139.4840436944,
      428039.2161594586,
      338762.0801232812,
      365970.29807342886,
      10265917.239449203,
      366121.7330454381,
      565008.350607924,
      572828.7243511368,
      393166.10824674094,
      494538.4234167585,
      2746820.316145387,
      726360.7733606627,
      401423.4240766314,
      362404.65343559644,
      1026175.1076447291,
      429200.8201538911,
      589153.5989853885,
      433555.0874837831,
      592793.1863338836,
      331954.63732820575,
      822888.715432267,
      437468.97292858973,
      311492.0475319803,
      351964.7663008818,
      420364.8795504655,
      868339.72949026,
      781191.9228248809,
      499014.20071225235,
      513814.04672095925,
      707244.1537336819,
      527984.4933670032,
      529460.4722901164,
      739321.7478703905,
      387726.27370647166,
      572946.855471512,
      336224.77182079316,
      418408.718359064,
      363274.5865417446,
      519847.66536441876,
      413787.41285184864,
      415355.3057659276,
      767168.8279470726,
      1094231.4510315885,
      963249.4794955029,
      298302.33525802766,
      887648.5763485701,
      491732.9655210278,
      460189.64345697395,
      276037.88140398567,
      489690.46008219843,
      342347.43541138235,
      692101.7941933138,
      432513.89494143246,
      347880.11201620137,
      352599.47646874783,
      486958.3213516595,
      737260.588934263,
      257311.28700917112,
      516474.98335097224,
      874662.7028639406,
      376407.38481590117,
      524984.3964695662,
      817979.2324874008,
      454766.25285338156,
      310287.6043690685
    ],
    "episode_lengths": [
      500,
      500,
      500,
      500,
      500,
      500,
      500,
      500,
      500,
      500,
      500,
      500,
      500,
      500,
      500,
      500,
      500,
      500,
      500,
      500,
      500,
      500,
      500,
      500,
      500,
      500,
      500,
      500,
      500,
      500,
      500,
      500,
      500,
      500,
      500,
      500,
      500,
      500,
      500,
      500,
      500,
      500,
      500,
      500,
      500,
      500,
      500,
      500,
      500,
      500,
      500,
      500,
      500,
      500,
      500,
      500,
      500,
      500,
      500,
      500,
      500,
      500,
      500,
      500,
      500,
      500,
      500,
      500,
      500,
      500,
      500,
      500,
      500,
      500,
      500,
      500,
      500,
      500,
      500,
      500,
      500,
      500,
      500,
      500,
      500,
      500,
      500,
      500,
      500,
      500,
      500,
      500,
      500,
      500,
      500,
      500,
      500,
      500,
      500,
      500
    ]
  },
  "baseline": {
    "mean_reward": -1087.3502073999996,
    "std_reward": 6.235705974418907,
    "min_reward": -1107.635509999998,
    "max_reward": -1078.8587899999986,
    "median_reward": -1085.4694600000003,
    "ci_reward_lower": -1088.5937400355,
    "ci_reward_upper": -1086.106674764499,
    "mean_cost": 10873502.074,
    "std_cost": 62357.0597441903,
    "min_cost": 10788587.9,
    "max_cost": 11076355.1,
    "median_cost": 10854694.6,
    "ci_lower": 10861066.747644994,
    "ci_upper": 10885937.400355004,
    "mean_length": 229.59992,
    "mean_backorders": 0.0,
    "mean_orders": 4.0,