{
  "ppo": {
    "mean_reward": -162.4941042655736,
    "std_reward": 9.514781898233622,
    "min_reward": -185.4761657072844,
    "max_reward": -141.2020476671477,
    "median_reward": -162.6454388980173,
    "ci_reward_lower": -164.3915545075609,
    "ci_reward_upper": -160.59665402358632,
    "mean_cost": 1624941.0426557362,
    "std_cost": 95147.8189823362,
    "min_cost": 1412020.4766714743,
    "max_cost": 1854761.657072844,
    "median_cost": 1626454.3889801744,
    "ci_lower": 1605966.5402358633,
    "ci_upper": 1643915.545075609,
    "mean_length": 10.99754133843159,
    "mean_backorders": 0.0,
    "mean_orders": 2.9624438285827637,
    "episode_rewards": [
      -146.92935931418285,
      -185.4761657072844,
      -164.30124268801592,
      -162.91068334643322,
      -167.05789338349652,
      -157.26851126260792,
      -152.5898543062072,
      -151.20766738937994,
      -176.59975118492954,
      -173.16044997572521,
      -167.15949960700172,
      -141.2020476671477,
      -166.8398824665889,
      -176.09117423121495,
      -166.0325375913696,
      -153.85379515844318,
      -151.16458997739082,
      -171.54191620437624,
      -170.16685498857444,
      -154.1483725471063,
      -149.84168161925678,
      -148.35347030030962,
      -145.90039287093455,
      -159.50365252317854,
      -171.09839679942405,
      -175.15933113574314,
      -148.3552531943582,
      -166.0836415219042,
      -165.6764751332662,
      -167.1229291341946,
      -174.37259665556886,
      -170.97795070321422,
      -164.32592712261686,
      -163.9998944453709,
      -156.94008706358122,
      -159.3458943829889,
      -180.82572765437504,
      -148.8131208902554,
      -179.0599571703398,
      -165.8326100874289,
      -151.3051709333126,
      -178.4282420025735,
      -175.10223770371667,
      -160.60468572601027,
      -146.56256113037665,
      -156.92518943817143,
      -158.0526688506585,
      -159.88971755851293,
      -149.25395400598998,
      -169.7672228888166,
      -170.36353182682743,
      -164.75779843808456,
      -156.0116290006802,
      -150.65396350351156,
      -175.77675385382665,
      -175.9700934116924,
      -164.03398191476663,
      -152.41897653293364,
      -166.189758339798,
      -164.984763311765,
      -168.0499902370675,
      -166.10134597584445,
      -165.97000458846136,
      -172.315077915856,
      -156.08362622300817,
      -161.0497493669197,
      -159.6704517186793,
      -156.8398264452523,
      -169.7814412887337,
      -155.0287756446514,
      -166.68135217132055,
      -175.32155161771578,
      -159.86907297106185,
      -162.3801944496014,
      -156.5532563255599,
      -161.86394449375337,
      -161.24708635200946,
      -160.35029723604492,
      -161.57674458702886,
      -167.42006991284174,
      -168.5610101726358,
      -149.02561404100126,
      -155.8277534855042,
      -173.1600818059389,
      -159.7451127541368,
      -174.0445752183959,
      -155.13189938609034,
      -173.73635720679255,
      -146.43010695092212,
      -159.3364701853421,
      -168.21935007312487,
      -173.80594399361703,
      -158.32136300970447,
      -165.87730266347123,
      -153.67801868575995,
      -151.09686705405343,
      -158.62106769815628,
      -178.03628734161944,
      -147.23535185090944,
      -151.0218936809622
    ],
    "episode_costs": [
      1469293.5931418284,
      1854761.657072844,
      1643012.4268801603,
      1629106.8334643329,
      1670578.9338349642,
      1572685.11262608,
      1525898.5430620722,
      1512076.6738937993,
      1765997.5118492965,
      1731604.4997572529,
      1671594.9960700173,
      1412020.4766714743,
      1668398.8246658891,
      1760911.7423121508,
      1660325.375913696,
      1538537.9515844323,
      1511645.8997739095,
      1715419.1620437652,
      1701668.5498857426,
      1541483.725471066,
      1498416.8161925655,
      1483534.703003101,
      1459003.9287093424,
      1595036.5252317851,
      1710983.9679942403,
      1751593.3113574325,
      1483552.5319435804,
      1660836.4152190462,
      1656764.7513326642,
      1671229.291341943,
      1743725.966555686,
      1709779.507032143,
      1643259.2712261654,
      1639998.9444537116,
      1569400.870635812,
      1593458.9438298894,
      1808257.2765437514,
      1488131.2089025532,
      1790599.5717034007,
      1658326.100874289,
      1513051.7093331278,
      1784282.4200257359,
      1751022.3770371664,
      1606046.8572601038,
      1465625.611303765,
      1569251.8943817143,
      1580526.688506584,
      1598897.1755851302,
      1492539.5400599001,
      1697672.2288881652,
      1703635.318268275,
      1647577.9843808457,
      1560116.290006806,
      1506539.6350351158,
      1757767.5385382667,
      1759700.934116924,
      1640339.8191476662,
      1524189.765329337,
      1661897.5833979805,
      1649847.63311765,
      1680499.9023706752,
      1661013.4597584438,
      1659700.0458846122,
      1723150.779158562,
      1560836.2622300824,
      1610497.493669199,
      1596704.5171867965,
      1568398.2644525243,
      1697814.4128873372,
      1550287.7564465145,
      1666813.521713203,
      1753215.5161771583,
      1598690.729710621,
      1623801.9444960163,
      1565532.5632555974,
      1618639.4449375342,
      1612470.8635200937,
      1603502.9723604503,
      1615767.4458702884,
      1674200.6991284178,
      1685610.1017263574,
      1490256.140410009,
      1558277.5348550384,
      1731600.8180593874,
      1597451.1275413698,
      1740445.75218396,
      1551318.9938609046,
      1737363.572067926,
      1464301.0695092226,
      1593364.7018534227,
      1682193.5007312442,
      1738059.439936166,
      1583213.6300970458,
      1658773.0266347118,
      1536780.1868575998,
      1510968.6705405319,
      1586210.676981566,
      1780362.8734161912,
      1472353.5185090953,
      1510218.9368096234
    ],
    "episode_lengths": [
      500,
      500,
      500,
      500,
      500,
      500,
      500,
      500,
      500,
      500,
      500,
      500,
      500,
      500,
      500,
      500,
      500,
      500,
      500,
      500,
      500,
      500,
      500,
      500,
      500,
      500,
      500,
      500,
      500,
      500,
      500,
      500,
      500,
      500,
      500,
      500,
      500,
      500,
      500,
      500,
      500,
      500,
      500,
      500,
      500,
      500,
      500,
      500,
      500,
      500,
      500,
      500,
      500,
      500,
      500,
      500,
      500,
      500,
      500,
      500,
      500,
      500,
      500,
      500,
      500,
      500,
      500,
      500,
      500,
      500,
      500,
      500,
      500,
      500,
      500,
      500,
      500,
      500,
      500,
      500,
      500,
      500,
      500,
      500,
      500,
      500,
      500,
      500,
      500,
      500,
      500,
      500,
      500,
      500,
      500,
      500,
      500,
      500,
      500,
      500
    ]
  },
  "baseline": {
    "mean_reward": -420.7665173000002,
    "std_reward": 1.5553312318724095,
    "min_reward": -426.87842000000074,
    "max_reward": -418.6451200000004,
    "median_reward": -420.2877400000002,
    "ci_reward_lower": -421.07668348708165,
    "ci_reward_upper": -420.45635111291875,
    "mean_cost": 4207665.1729999995,
    "std_cost": 15553.312318724,
    "min_cost": 4186451.2,
    "max_cost": 4268784.2,
    "median_cost": 4202877.4,
    "ci_lower": 4204563.511129185,
    "ci_upper": 4210766.834870814,
    "mean_length": 51.19718000000002,
    "mean_backorders": 0.0,
    "mean_orders": 4.0,