{
  "middle": {
    "s": 19824.355185584016,
    "S": 28959.373005065518
  },
  "leaf1": {
    "s": 9134.745699545107,
    "S": 13891.145934068174
  },
  "leaf2": {
    "s": 9380.6838482345,
    "S": 14662.472806347672
  }
}