{
  "middle": {
    "s": 15885.34170053722,
    "S": 29968.107338642218
  },
  "leaf_1": {
    "s": 9702.214181846906,
    "S": 14510.14349314489
  },
  "leaf_2": {
    "s": 9094.785639941945,
    "S": 14609.97271677486
  }
}