{
  "middle": {
    "s": 17422.611357016365,
    "S": 29596.909998249394
  },
  "leaf_1": {
    "s": 9244.298925706236,
    "S": 14895.704665270336
  },
  "leaf_2": {
    "s": 8563.873583811597,
    "S": 13780.745138267095
  }
}