{
  "middle": {
    "s": 15734.044914005914,
    "S": 29506.933489824245
  },
  "leaf_1": {
    "s": 9671.70881053481,
    "S": 14667.069654396728
  },
  "leaf_2": {
    "s": 8041.073489252739,
    "S": 14552.17332070943
  }
}