{
  "ppo": {
    "mean_reward": -259.520467529855,
    "std_reward": 2.936983420832606,
    "min_reward": -267.36689464023107,
    "max_reward": -253.43404333333964,
    "median_reward": -259.6141345655918,
    "ci_reward_lower": -260.10616460228147,
    "ci_reward_upper": -258.93477045742856,
    "mean_cost": 2595204.67529855,
    "std_cost": 29369.83420832597,
    "min_cost": 2534340.433333397,
    "max_cost": 2673668.9464023113,
    "median_cost": 2596141.345655918,
    "ci_lower": 2589347.704574286,
    "ci_upper": 2601061.6460228143,
    "mean_length": 6.504508949899676,
    "mean_backorders": 0.0,
    "mean_orders": 2.4469382762908936,
    "episode_rewards": [
      -262.39596798217315,
      -264.4696809114693,
      -257.6580828484058,
      -262.3075815981388,
      -261.01378113040903,
      -262.08443937926296,
      -259.5842371865273,
      -256.04692709009646,
      -260.5970425788165,
      -256.65933452208003,
      -259.6229283352375,
      -265.0298384628296,
      -261.6279357983588,
      -255.92309332289693,
      -261.47170193245415,
      -260.02422835414416,
      -259.78022197170276,
      -261.87087207005015,
      -256.71684374182206,
      -258.0842766274689,
      -259.459618795371,
      -258.55339784207354,
      -256.0692088095903,
      -256.03831238112423,
      -260.45401042981126,
      -258.801309839487,
      -262.3752094162939,
      -259.24578679928806,
      -257.7849955404755,
      -258.3712994406459,
      -263.4090310151099,
      -259.113168007493,
      -266.17536017529955,
      -263.5191376508953,
      -253.43404333333964,
      -255.8234312537669,
      -259.3016243727923,
      -261.38241552042956,
      -256.33523003089425,
      -261.592009125018,
      -263.6510689299584,
      -261.68805329544534,
      -258.519587432456,
      -261.1947417213679,
      -260.7628641547203,
      -254.64236962175355,
      -259.8564397348643,
      -263.23246846425553,
      -262.85456288754955,
      -258.5092100651264,
      -257.8616521894457,
      -258.40068192923064,
      -259.2998024718525,
      -262.53206783056237,
      -261.2169739243268,
      -254.6344974749088,
      -253.96035323677037,
      -260.10150267732143,
      -262.3520063328982,
      -259.60534079594623,
      -257.05032658081046,
      -256.47741120948785,
      -256.4131419353248,
      -260.08167437438976,
      -261.7570436426401,
      -259.4000726409196,
      -260.02270789890275,
      -260.144124619436,
      -254.82422385509034,
      -260.46837927498797,
      -263.58977434227467,
      -259.3815759652613,
      -264.0377952365161,
      -260.55607423501016,
      -259.8646476073981,
      -262.2646789409875,
      -253.96065317189684,
      -258.6732479085446,
      -258.7902545217992,
      -261.6095814594984,
      -261.67810455806256,
      -254.63961091458805,
      -259.80144883174876,
      -256.7487398348332,
      -259.1500969577789,
      -261.04288857951167,
      -253.8480377987862,
      -260.9657451727628,
      -258.8695835481166,
      -255.34343806643486,
      -257.5493335752725,
      -255.58599279518143,
      -262.0520895478249,
      -259.8259714678049,
      -255.57707544267166,
      -258.6882327027082,
      -256.4162110182286,
      -265.4473814892768,
      -256.99862582819463,
      -267.36689464023107
    ],
    "episode_costs": [
      2623959.6798217297,
      2644696.8091146946,
      2576580.8284840584,
      2623075.815981388,
      2610137.8113040924,
      2620844.3937926292,
      2595842.3718652725,
      2560469.2709009647,
      2605970.425788164,
      2566593.345220804,
      2596229.283352375,
      2650298.384628296,
      2616279.357983589,
      2559230.9332289696,
      2614717.019324541,
      2600242.283541441,
      2597802.2197170258,
      2618708.7207005024,
      2567168.4374182224,
      2580842.7662746906,
      2594596.1879537106,
      2585533.9784207344,
      2560692.0880959034,
      2560383.123811245,
      2604540.104298115,
      2588013.0983948708,
      2623752.094162941,
      2592457.867992878,
      2577849.9554047585,
      2583712.9944064617,
      2634090.3101511,
      2591131.68007493,
      2661753.6017529964,
      2635191.376508951,
      2534340.433333397,
      2558234.31253767,
      2593016.2437279224,
      2613824.155204296,
      2563352.300308943,
      2615920.091250181,
      2636510.6892995834,
      2616880.5329544544,
      2585195.87432456,
      2611947.4172136784,
      2607628.641547203,
      2546423.696217537,
      2598564.3973486423,
      2632324.6846425533,
      2628545.628875494,
      2585092.100651264,
      2578616.521894455,
      2584006.819292307,
      2592998.024718523,
      2625320.678305626,
      2612169.739243269,
      2546344.9747490883,
      2539603.5323677063,
      2601015.0267732143,
      2623520.0633289814,
      2596053.407959461,
      2570503.2658081055,
      2564774.112094879,
      2564131.4193532467,
      2600816.7437438965,
      2617570.436426401,
      2594000.726409197,
      2600227.078989029,
      2601441.2461943626,
      2548242.2385509014,
      2604683.7927498817,
      2635897.7434227467,
      2593815.7596526146,
      2640377.95236516,
      2605560.7423501015,
      2598646.4760739803,
      2622646.789409876,
      2539606.5317189693,
      2586732.4790854454,
      2587902.545217991,
      2616095.814594984,
      2616781.0455806255,
      2546396.1091458797,
      2598014.4883174896,
      2567487.3983483315,
      2591500.9695777893,
      2610428.8857951164,
      2538480.3779878616,
      2609657.4517276287,
      2588695.835481167,
      2553434.3806643486,
      2575493.3357527256,
      2555859.9279518127,
      2620520.8954782486,
      2598259.714678049,
      2555770.7544267178,
      2586882.3270270824,
      2564162.1101822853,
      2654473.814892769,
      2569986.258281946,
      2673668.9464023113
    ],
    "episode_lengths": [
      500,
      500,
      500,
      500,
      500,
      500,
      500,
      500,
      500,
      500,
      500,
      500,
      500,
      500,
      500,
      500,
      500,
      500,
      500,
      500,
      500,
      500,
      500,
      500,
      500,
      500,
      500,
      500,
      500,
      500,
      500,
      500,
      500,
      500,
      500,
      500,
      500,
      500,
      500,
      500,
      500,
      500,
      500,
      500,
      500,
      500,
      500,
      500,
      500,
      500,
      500,
      500,
      500,
      500,
      500,
      500,
      500,
      500,
      500,
      500,
      500,
      500,
      500,
      500,
      500,
      500,
      500,
      500,
      500,
      500,
      500,
      500,
      500,
      500,
      500,
      500,
      500,
      500,
      500,
      500,
      500,
      500,
      500,
      500,
      500,
      500,
      500,
      500,
      500,
      500,
      500,
      500,
      500,
      500,
      500,
      500,
      500,
      500,
      500,
      500
    ]
  },
  "baseline": {
    "mean_reward": -411.27755600000194,
    "std_reward": 0.8759187212658676,
    "min_reward": -413.291800000002,
    "max_reward": -409.3491000000019,
    "median_reward": -411.31445000000195,
    "ci_reward_lower": -411.45223285622455,
    "ci_reward_upper": -411.1028791437793,
    "mean_cost": 4112775.56,
    "std_cost": 8759.18721265849,
    "min_cost": 4093491.0,
    "max_cost": 4132918.0,
    "median_cost": 4113144.5,
    "ci_lower": 4111028.791437774,
    "ci_upper": 4114522.328562226,
    "mean_length": 24.59666,
    "mean_backorders": 0.0,
    "mean_orders": 4.0,