{
  "ppo": {
    "mean_reward": -273.37330926000743,
    "std_reward": 2.496891757892842,
    "min_reward": -278.4167731151101,
    "max_reward": -266.2630663974045,
    "median_reward": -273.6438768646001,
    "ci_reward_lower": -273.8712426778096,
    "ci_reward_upper": -272.87537584220524,
    "mean_cost": 2733733.092600076,
    "std_cost": 24968.917578928522,
    "min_cost": 2662630.6639740467,
    "max_cost": 2784167.731151104,
    "median_cost": 2736438.768646002,
    "ci_lower": 2728753.758422054,
    "ci_upper": 2738712.426778098,
    "mean_length": 7.041737984218597,
    "mean_backorders": 0.0,
    "mean_orders": 2.666670799255371,
    "episode_rewards": [
      -275.5192117772338,
      -278.05200068893413,
      -272.3155596914289,
      -275.92397948091013,
      -272.9768995981451,
      -274.7202531859873,
      -274.6050058519839,
      -270.50932230048176,
      -274.1245626266242,
      -275.05360482339825,
      -272.12571942357994,
      -277.0389467923158,
      -276.52432010345467,
      -271.6309698660371,
      -274.72679982731336,
      -273.9109399894712,
      -273.6109999431131,
      -276.33048630933735,
      -274.5659839101552,
      -270.9499418416974,
      -272.7531368046044,
      -275.30846577072145,
      -271.6299649403572,
      -270.6948041231152,
      -275.730648041725,
      -274.24432487113444,
      -275.0235344237802,
      -273.3296968426704,
      -272.59308051285717,
      -271.25673933968534,
      -275.8649142558574,
      -274.3307551203726,
      -276.26820704507804,
      -275.27678752207737,
      -266.2630663974045,
      -272.2289287425517,
      -271.4891992475031,
      -275.6739181815622,
      -271.9743925749298,
      -274.6099134051558,
      -275.27878243999453,
      -274.44899134559614,
      -272.296313845229,
      -273.5385433517455,
      -274.69067387425844,
      -268.197046364641,
      -270.2263572487112,
      -276.39612576167553,
      -275.26601404120885,
      -272.0490648077723,
      -272.6047845837115,
      -273.01122116870863,
      -273.67344729299526,
      -276.7187565922733,
      -275.6589404762979,
      -267.92776343593584,
      -268.61926620807594,
      -273.8333750020501,
      -275.2508122500895,
      -272.63490903043714,
      -271.51582260570484,
      -270.27695015861946,
      -272.7208315809963,
      -273.1362705847499,
      -274.8440796932218,
      -272.36578988521075,
      -275.3059592583655,
      -273.71034777309865,
      -269.06967136592834,
      -273.1772079578397,
      -277.0625251126287,
      -272.40363453030557,
      -276.459903839421,
      -273.9036620155329,
      -274.49949285211545,
      -274.3212282993789,
      -267.7246212459801,
      -273.1887492886066,
      -272.261353228664,
      -275.04675492129303,
      -276.34430000991756,
      -267.7016508568762,
      -272.9325957019806,
      -274.9120735154626,
      -273.61430643620486,
      -273.982844431972,
      -267.7119735949513,
      -273.34146632277975,
      -276.6610343627447,
      -268.5558580496308,
      -272.76876453018195,
      -270.48681934509267,
      -276.0872118347644,
      -273.0144565845013,
      -270.29484796335674,
      -271.33501436459983,
      -271.43242183134504,
      -276.95518098039577,
      -273.70530065505477,
      -278.4167731151101
    ],
    "episode_costs": [
      2755192.117772341,
      2780520.0068893433,
      2723155.5969142914,
      2759239.794809103,
      2729768.995981455,
      2747202.5318598747,
      2746050.0585198402,
      2705093.223004818,
      2741245.626266241,
      2750536.048233986,
      2721257.1942358017,
      2770389.4679231644,
      2765243.201034546,
      2716309.6986603737,
      2747267.998273134,
      2739109.3998947144,
      2736109.9994311333,
      2763304.863093376,
      2745659.839101553,
      2709499.418416977,
      2727531.3680460453,
      2753084.6577072144,
      2716299.649403572,
      2706948.0412311554,
      2757306.4804172516,
      2742443.2487113476,
      2750235.3442378044,
      2733296.9684267044,
      2725930.8051285744,
      2712567.3933968544,
      2758649.1425585747,
      2743307.5512037277,
      2762682.070450783,
      2752767.8752207756,
      2662630.6639740467,
      2722289.287425518,
      2714891.992475033,
      2756739.1818156242,
      2719743.925749302,
      2746099.1340515614,
      2752787.824399948,
      2744489.913455963,
      2722963.1384522915,
      2735385.433517456,
      2746906.73874259,
      2681970.463646412,
      2702263.572487116,
      2763961.2576167583,
      2752660.140412092,
      2720490.6480777264,
      2726047.8458371162,
      2730112.211687088,
      2736734.4729299545,
      2767187.565922737,
      2756589.4047629833,
      2679277.6343593597,
      2686192.662080765,
      2738333.750020504,
      2752508.1225008965,
      2726349.0903043747,
      2715158.2260570526,
      2702769.501586199,
      2727208.315809965,
      2731362.7058475018,
      2748440.7969322205,
      2723657.89885211,
      2753059.5925836563,
      2737103.4777309895,
      2690696.7136592865,
      2731772.0795783997,
      2770625.2511262894,
      2724036.3453030586,
      2764599.0383942127,
      2739036.6201553345,
      2744994.9285211563,
      2743212.2829937935,
      2677246.2124598026,
      2731887.4928860664,
      2722613.532286644,
      2750467.5492129326,
      2763443.000099182,
      2677016.5085687637,
      2729325.957019806,
      2749120.7351546288,
      2736143.064362049,
      2739828.444319725,
      2677119.7359495163,
      2733414.6632277966,
      2766610.343627453,
      2685558.580496311,
      2727687.645301819,
      2704868.1934509277,
      2760872.118347645,
      2730144.5658450127,
      2702948.4796335697,
      2713350.143646002,
      2714324.2183134556,
      2769551.8098039627,
      2737053.0065505505,
      2784167.731151104
    ],
    "episode_lengths": [
      500,
      500,
      500,
      500,
      500,
      500,
      500,
      500,
      500,
      500,
      500,
      500,
      500,
      500,
      500,
      500,
      500,
      500,
      500,
      500,
      500,
      500,
      500,
      500,
      500,
      500,
      500,
      500,
      500,
      500,
      500,
      500,
      500,
      500,
      500,
      500,
      500,
      500,
      500,
      500,
      500,
      500,
      500,
      500,
      500,
      500,
      500,
      500,
      500,
      500,
      500,
      500,
      500,
      500,
      500,
      500,
      500,
      500,
      500,
      500,
      500,
      500,
      500,
      500,
      500,
      500,
      500,
      500,
      500,
      500,
      500,
      500,
      500,
      500,
      500,
      500,
      500,
      500,
      500,
      500,
      500,
      500,
      500,
      500,
      500,
      500,
      500,
      500,
      500,
      500,
      500,
      500,
      500,
      500,
      500,
      500,
      500,
      500,
      500,
      500
    ]
  },
  "baseline": {
    "mean_reward": -411.27755600000194,
    "std_reward": 0.8759187212658676,
    "min_reward": -413.291800000002,
    "max_reward": -409.3491000000019,
    "median_reward": -411.31445000000195,
    "ci_reward_lower": -411.45223285622455,
    "ci_reward_upper": -411.1028791437793,
    "mean_cost": 4112775.56,
    "std_cost": 8759.18721265849,
    "min_cost": 4093491.0,
    "max_cost": 4132918.0,
    "median_cost": 4113144.5,
    "ci_lower": 4111028.791437774,
    "ci_upper": 4114522.328562226,
    "mean_length": 24.59666,
    "mean_backorders": 0.0,
    "mean_orders": 14.0,