{
  "ppo": {
    "mean_reward": -260.0979866886301,
    "std_reward": 2.902133799550844,
    "min_reward": -267.43527544536636,
    "max_reward": -253.7404242930889,
    "median_reward": -260.18371456613534,
    "ci_reward_lower": -260.67673400403197,
    "ci_reward_upper": -259.51923937322823,
    "mean_cost": 2600979.866886301,
    "std_cost": 29021.33799550852,
    "min_cost": 2537404.242930889,
    "max_cost": 2674352.754453659,
    "median_cost": 2601837.145661354,
    "ci_lower": 2595192.393732282,
    "ci_upper": 2606767.34004032,
    "mean_length": 6.536369459300041,
    "mean_backorders": 0.0,
    "mean_orders": 2.7677865028381348,
    "episode_rewards": [
      -262.65973051524145,
      -265.2881495252131,
      -258.33840413901805,
      -262.83049886639117,
      -262.01303477551954,
      -263.03262769916034,
      -260.2597850713256,
      -256.7653056225061,
      -261.2218460991622,
      -256.9852736433745,
      -260.05822841682414,
      -265.38376126294116,
      -262.7113938863037,
      -256.22397143070697,
      -261.7520471839188,
      -260.3561414255859,
      -260.6112703462838,
      -262.2071824454069,
      -257.16268035516754,
      -258.4291613782407,
      -259.7669736223221,
      -258.9364889994859,
      -257.0934960749391,
      -256.9666458404304,
      -261.88104432518475,
      -259.4260423160554,
      -262.6790662641049,
      -259.4983058905839,
      -258.08283374328624,
      -258.94416887462137,
      -263.78990956494806,
      -260.42640790348065,
      -266.38310354051583,
      -263.7794135795355,
      -253.7404242930889,
      -255.99655976126178,
      -259.8633904851438,
      -261.73553716740605,
      -257.25049644770627,
      -261.7819009716989,
      -263.8125233643296,
      -262.0499569456338,
      -259.39150338554396,
      -261.7586156894447,
      -260.9299824625254,
      -254.98670388472092,
      -260.0100498338224,
      -263.4319670044186,
      -263.0063947435617,
      -258.80575309538847,
      -259.1984339396237,
      -260.03443733839987,
      -259.98312812361735,
      -263.7240620643378,
      -262.03407166051846,
      -255.2791683020115,
      -253.9384293937685,
      -260.56703739776617,
      -262.66183620538726,
      -260.1920022336243,
      -257.2261775568724,
      -256.95265660135743,
      -257.08612625486876,
      -260.74879503400325,
      -262.318233690095,
      -259.59935853846054,
      -260.3408881187201,
      -261.269219154501,
      -255.2313574002026,
      -261.41917406549436,
      -263.99153142805113,
      -259.75258755002017,
      -264.64339277977945,
      -261.4636654538392,
      -260.91656289133994,
      -263.1641564290284,
      -254.48959069185258,
      -259.9637843348981,
      -259.2215607162715,
      -261.789277635789,
      -262.52079660005563,
      -255.08037152895923,
      -260.2730588727474,
      -257.8411675132751,
      -260.06172627472876,
      -261.48047911682136,
      -254.50776954886896,
      -261.44276495246885,
      -259.1192182831767,
      -256.53437358498576,
      -258.396348826599,
      -256.03137973036763,
      -262.4941024647234,
      -260.1754268986464,
      -256.2112582135201,
      -259.40149630966187,
      -257.52827658379084,
      -265.78974641418444,
      -257.7767745520831,
      -267.43527544536636
    ],
    "episode_costs": [
      2626597.305152416,
      2652881.4952521324,
      2583384.0413901806,
      2628304.988663912,
      2620130.3477551937,
      2630326.2769916058,
      2602597.850713253,
      2567653.0562250614,
      2612218.460991621,
      2569852.7364337444,
      2600582.2841682434,
      2653837.6126294136,
      2627113.938863039,
      2562239.71430707,
      2617520.4718391895,
      2603561.4142558575,
      2606112.703462839,
      2622071.824454069,
      2571626.803551674,
      2584291.613782406,
      2597669.736223221,
      2589364.8899948597,
      2570934.9607493877,
      2569666.4584043026,
      2618810.443251848,
      2594260.423160553,
      2626790.6626410484,
      2594983.05890584,
      2580828.3374328613,
      2589441.688746214,
      2637899.095649481,
      2604264.0790348053,
      2663831.035405159,
      2637794.135795355,
      2537404.242930889,
      2559965.5976126194,
      2598633.9048514366,
      2617355.371674061,
      2572504.964477062,
      2617819.0097169876,
      2638125.2336432934,
      2620499.569456339,
      2593915.033855438,
      2617586.1568944454,
      2609299.8246252537,
      2549867.038847208,
      2600100.4983382225,
      2634319.6700441837,
      2630063.9474356174,
      2588057.530953884,
      2591984.3393962383,
      2600344.373383999,
      2599831.2812361717,
      2637240.6206433773,
      2620340.7166051865,
      2552791.683020115,
      2539384.293937683,
      2605670.373977661,
      2626618.362053871,
      2601920.0223362446,
      2572261.7755687237,
      2569526.5660135746,
      2570861.262548685,
      2607487.9503400326,
      2623182.3369009495,
      2595993.5853846073,
      2603408.8811872005,
      2612692.1915450096,
      2552313.5740020275,
      2614191.7406549454,
      2639915.31428051,
      2597525.875500202,
      2646433.9277977943,
      2614636.654538393,
      2609165.6289134026,
      2631641.564290285,
      2544895.9069185257,
      2599637.84334898,
      2592215.607162714,
      2617892.776357889,
      2625207.966000557,
      2550803.7152895927,
      2602730.588727474,
      2578411.6751327515,
      2600617.2627472878,
      2614804.791168213,
      2545077.6954886913,
      2614427.6495246887,
      2591192.182831764,
      2565343.7358498573,
      2583963.488265991,
      2560313.7973036766,
      2624941.024647236,
      2601754.2689864635,
      2562112.5821352005,
      2594014.9630966187,
      2575282.765837908,
      2657897.4641418457,
      2577767.74552083,
      2674352.754453659
    ],
    "episode_lengths": [
      500,
      500,
      500,
      500,
      500,
      500,
      500,
      500,
      500,
      500,
      500,
      500,
      500,
      500,
      500,
      500,
      500,
      500,
      500,
      500,
      500,
      500,
      500,
      500,
      500,
      500,
      500,
      500,
      500,
      500,
      500,
      500,
      500,
      500,
      500,
      500,
      500,
      500,
      500,
      500,
      500,
      500,
      500,
      500,
      500,
      500,
      500,
      500,
      500,
      500,
      500,
      500,
      500,
      500,
      500,
      500,
      500,
      500,
      500,
      500,
      500,
      500,
      500,
      500,
      500,
      500,
      500,
      500,
      500,
      500,
      500,
      500,
      500,
      500,
      500,
      500,
      500,
      500,
      500,
      500,
      500,
      500,
      500,
      500,
      500,
      500,
      500,
      500,
      500,
      500,
      500,
      500,
      500,
      500,
      500,
      500,
      500,
      500,
      500,
      500
    ]
  },
  "baseline": {
    "mean_reward": -411.27755600000194,
    "std_reward": 0.8759187212658676,
    "min_reward": -413.291800000002,
    "max_reward": -409.3491000000019,
    "median_reward": -411.31445000000195,
    "ci_reward_lower": -411.45223285622455,
    "ci_reward_upper": -411.1028791437793,
    "mean_cost": 4112775.56,
    "std_cost": 8759.18721265849,
    "min_cost": 4093491.0,
    "max_cost": 4132918.0,
    "median_cost": 4113144.5,
    "ci_lower": 4111028.791437774,
    "ci_upper": 4114522.328562226,
    "mean_length": 24.59666,
    "mean_backorders": 0.0,
    "mean_orders": 4.0,