{
  "ppo": {
    "mean_reward": -273.3733094356418,
    "std_reward": 2.4968916426838494,
    "min_reward": -278.41677307636706,
    "max_reward": -266.263066470599,
    "median_reward": -273.64387699129566,
    "ci_reward_lower": -273.8712428304688,
    "ci_reward_upper": -272.87537604081473,
    "mean_cost": 2733733.09435642,
    "std_cost": 24968.9164268386,
    "min_cost": 2662630.6647059917,
    "max_cost": 2784167.730763674,
    "median_cost": 2736438.769912958,
    "ci_lower": 2728753.7604081496,
    "ci_upper": 2738712.4283046904,
    "mean_length": 7.041738024168015,
    "mean_backorders": 0.0,
    "mean_orders": 2.666670799255371,
    "episode_rewards": [
      -275.5192118191478,
      -278.0520007819174,
      -272.3155596252678,
      -275.923979412031,
      -272.97689969742265,
      -274.72025323996525,
      -274.60500599851594,
      -270.5093224522114,
      -274.12456277039064,
      -275.0536049913403,
      -272.1257197232244,
      -277.03894665241177,
      -276.52431997089394,
      -271.63096997597194,
      -274.72679987304207,
      -273.9109398278234,
      -273.61100010023097,
      -276.3304863709924,
      -274.56598403418053,
      -270.9499419980284,
      -272.7531370983838,
      -275.308465836525,
      -271.6299654571533,
      -270.69480458388296,
      -275.73064792089446,
      -274.244325497317,
      -275.02353459160304,
      -273.32969724946014,
      -272.59308071949454,
      -271.2567395225047,
      -275.86491441817276,
      -274.33075512366275,
      -276.2682069432018,
      -275.2767874537943,
      -266.263066470599,
      -272.2289285925626,
      -271.48919996645435,
      -275.6739180855749,
      -271.97439276256523,
      -274.6099136208293,
      -275.27878253869983,
      -274.4489914758919,
      -272.29631394128785,
      -273.5385434275626,
      -274.69067420661395,
      -268.1970467638967,
      -270.2263574684855,
      -276.3961260448214,
      -275.26601415622196,
      -272.04906564424005,
      -272.60478482208237,
      -273.011221973276,
      -273.67344731683716,
      -276.71875627980194,
      -275.65894050996263,
      -267.92776404027927,
      -268.6192673273081,
      -273.833375211477,
      -275.2508121850489,
      -272.63490935983623,
      -271.515822950935,
      -270.2769503142591,
      -272.7208320014951,
      -273.1362706844089,
      -274.84407965126,
      -272.3657903144834,
      -275.305959636545,
      -273.7103482785699,
      -269.06967174072236,
      -273.17720803527806,
      -277.0625252361295,
      -272.40363456549613,
      -276.4599036885974,
      -273.90366186358875,
      -274.4994931214092,
      -274.32122821764904,
      -267.72462135481817,
      -273.1887494968891,
      -272.26135297923054,
      -275.0467549708841,
      -276.34429996986324,
      -267.70165126652705,
      -272.9325957451344,
      -274.9120738070962,
      -273.6143066657542,
      -273.98284436082787,
      -267.711974214029,
      -273.34146617341054,
      -276.6610347903723,
      -268.55585857491457,
      -272.768764704609,
      -270.48681964595306,
      -276.0872119382857,
      -273.01445677924164,
      -270.2948482710836,
      -271.3350145261761,
      -271.4324218867297,
      -276.95518110351514,
      -273.70530103836035,
      -278.41677307636706
    ],
    "episode_costs": [
      2755192.1181914806,
      2780520.0078191757,
      2723155.59625268,
      2759239.7941203117,
      2729768.99697423,
      2747202.5323996544,
      2746050.059985161,
      2705093.224522114,
      2741245.627703905,
      2750536.0499134064,
      2721257.1972322464,
      2770389.466524124,
      2765243.1997089386,
      2716309.6997597218,
      2747267.998730421,
      2739109.3982782364,
      2736110.0010023117,
      2763304.8637099266,
      2745659.8403418064,
      2709499.4199802876,
      2727531.370983839,
      2753084.6583652496,
      2716299.654571533,
      2706948.045838833,
      2757306.479208946,
      2742443.254973173,
      2750235.345916033,
      2733296.972494602,
      2725930.807194948,
      2712567.395225048,
      2758649.1441817284,
      2743307.5512366295,
      2762682.06943202,
      2752767.874537945,
      2662630.6647059917,
      2722289.2859256268,
      2714891.999664545,
      2756739.180855751,
      2719743.927625656,
      2746099.136208296,
      2752787.825387001,
      2744489.9147589207,
      2722963.13941288,
      2735385.434275627,
      2746906.742066145,
      2681970.4676389694,
      2702263.5746848583,
      2763961.2604482174,
      2752660.1415622234,
      2720490.656442404,
      2726047.848220825,
      2730112.2197327614,
      2736734.473168373,
      2767187.562798023,
      2756589.4050996304,
      2679277.640402794,
      2686192.6732730865,
      2738333.752114773,
      2752508.1218504906,
      2726349.093598366,
      2715158.2295093536,
      2702769.5031425953,
      2727208.3200149536,
      2731362.7068440914,
      2748440.7965126038,
      2723657.9031448364,
      2753059.596365452,
      2737103.4827857018,
      2690696.7174072266,
      2731772.080352783,
      2770625.2523612976,
      2724036.3456549644,
      2764599.036885977,
      2739036.618635893,
      2744994.931214094,
      2743212.2821764946,
      2677246.2135481834,
      2731887.494968891,
      2722613.529792309,
      2750467.549708843,
      2763442.999698639,
      2677016.5126652718,
      2729325.9574513435,
      2749120.738070965,
      2736143.066657543,
      2739828.443608284,
      2677119.742140293,
      2733414.661734104,
      2766610.3479037285,
      2685558.5857491493,
      2727687.647046089,
      2704868.196459532,
      2760872.1193828583,
      2730144.5677924156,
      2702948.4827108383,
      2713350.1452617645,
      2714324.218867302,
      2769551.8110351562,
      2737053.010383606,
      2784167.730763674
    ],
    "episode_lengths": [
      500,
      500,
      500,
      500,
      500,
      500,
      500,
      500,
      500,
      500,
      500,
      500,
      500,
      500,
      500,
      500,
      500,
      500,
      500,
      500,
      500,
      500,
      500,
      500,
      500,
      500,
      500,
      500,
      500,
      500,
      500,
      500,
      500,
      500,
      500,
      500,
      500,
      500,
      500,
      500,
      500,
      500,
      500,
      500,
      500,
      500,
      500,
      500,
      500,
      500,
      500,
      500,
      500,
      500,
      500,
      500,
      500,
      500,
      500,
      500,
      500,
      500,
      500,
      500,
      500,
      500,
      500,
      500,
      500,
      500,
      500,
      500,
      500,
      500,
      500,
      500,
      500,
      500,
      500,
      500,
      500,
      500,
      500,
      500,
      500,
      500,
      500,
      500,
      500,
      500,
      500,
      500,
      500,
      500,
      500,
      500,
      500,
      500,
      500,
      500
    ]
  },
  "baseline": {
    "mean_reward": -411.27755600000194,
    "std_reward": 0.8759187212658676,
    "min_reward": -413.291800000002,
    "max_reward": -409.3491000000019,
    "median_reward": -411.31445000000195,
    "ci_reward_lower": -411.45223285622455,
    "ci_reward_upper": -411.1028791437793,
    "mean_cost": 4112775.56,
    "std_cost": 8759.18721265849,
    "min_cost": 4093491.0,
    "max_cost": 4132918.0,
    "median_cost": 4113144.5,
    "ci_lower": 4111028.791437774,
    "ci_upper": 4114522.328562226,
    "mean_length": 24.59666,
    "mean_backorders": 0.0,
    "mean_orders": 14.0,