{
  "ppo": {
    "mean_reward": -46261755.73156506,
    "std_reward": 870226.4945568147,
    "min_reward": -48390480.78639984,
    "max_reward": -43971133.104019165,
    "median_reward": -46318213.16651535,
    "ci_reward_lower": -46435297.436497584,
    "ci_reward_upper": -46088214.02663253,
    "mean_cost": 46261755.73156506,
    "std_cost": 870226.4945568147,
    "min_cost": 43971133.104019165,
    "max_cost": 48390480.78639984,
    "median_cost": 46318213.16651535,
    "ci_lower": 46088214.02663253,
    "ci_upper": 46435297.436497584,
    "mean_length": 1000.0,
    "std_length": 0.0,
    "mean_inventory": 0.5609067529296874,
    "mean_backorders": 275.6178660089111,
    "mean_orders": 2.307588577270508,
    "episode_rewards": [
      -45916655.54865646,
      -45704043.156368256,
      -46986485.14366531,
      -44567695.535461426,
      -46253558.9559288,
      -47292112.81475067,
      -46541589.09909439,
      -45605126.73255539,
      -48390480.78639984,
      -47133550.729465485,
      -46387039.635002136,
      -45731393.984889984,
      -46319912.47618866,
      -45891719.33428192,
      -44835904.9042778,
      -47064970.10902405,
      -47473473.02960968,
      -45800457.08735657,
      -46542100.782569885,
      -45694953.77914429,
      -45473457.75455475,
      -46683152.74417114,
      -46798438.66478729,
      -47353959.35702515,
      -45854555.11771393,
      -43971133.104019165,
      -45596824.57009506,
      -45366818.81763458,
      -45009075.49588776,
      -46952436.86851883,
      -45268066.166950226,
      -45618522.5651474,
      -47084214.014377594,
      -46077979.8475647,
      -46546504.75831604,
      -46039335.97290039,
      -47977797.49610901,
      -45761131.90070343,
      -47057007.401958466,
      -44754533.235393524,
      -46784411.51186371,
      -46432438.33093262,
      -45663747.42808914,
      -45524949.112537384,
      -46665865.32736206,
      -45937231.739681244,
      -45309340.68271637,
      -46455707.11682892,
      -46329752.90643692,
      -46537960.66914749,
      -46474683.733493805,
      -47439793.076538086,
      -46920049.342689514,
      -45365564.829021454,
      -46822517.246398926,
      -44887013.330402374,
      -45215125.299655914,
      -47166286.62615204,
      -45464013.35569,
      -46424178.65778732,
      -46077069.65201187,
      -47002248.08373642,
      -47527899.96472931,
      -45248589.60692215,
      -45995845.73177719,
      -46288406.4848938,
      -46901098.247348785,
      -46225261.80271149,
      -46981711.998428345,
      -45824934.8382225,
      -47366328.003479004,
      -47530103.828365326,
      -45790470.83636093,
      -46896173.07316208,
      -46250511.70781708,
      -44762546.02417755,
      -47985117.79968643,
      -47548415.098869324,
      -46027255.736083984,
      -44928800.140384674,
      -44711379.4078331,
      -45412779.531822205,
      -46316513.85684204,
      -46407811.89013672,
      -46768354.467250824,
      -46695243.13196182,
      -47447939.08776474,
      -45080499.69161224,
      -45082292.57538986,
      -46061445.82948303,
      -47059688.674201965,
      -45664797.799842834,
      -46496208.552734375,
      -47225879.33800888,
      -48038261.422771454,
      -45471983.43401337,
      -46228130.8720932,
      -46893793.25240326,
      -46350028.38943863,
      -46404953.489788055
    ],
    "episode_costs": [
      45916655.54865646,
      45704043.156368256,
      46986485.14366531,
      44567695.535461426,
      46253558.9559288,
      47292112.81475067,
      46541589.09909439,
      45605126.73255539,
      48390480.78639984,
      47133550.729465485,
      46387039.635002136,
      45731393.984889984,
      46319912.47618866,
      45891719.33428192,
      44835904.9042778,
      47064970.10902405,
      47473473.02960968,
      45800457.08735657,
      46542100.782569885,
      45694953.77914429,
      45473457.75455475,
      46683152.74417114,
      46798438.66478729,
      47353959.35702515,
      45854555.11771393,
      43971133.104019165,
      45596824.57009506,
      45366818.81763458,
      45009075.49588776,
      46952436.86851883,
      45268066.166950226,
      45618522.5651474,
      47084214.014377594,
      46077979.8475647,
      46546504.75831604,
      46039335.97290039,
      47977797.49610901,
      45761131.90070343,
      47057007.401958466,
      44754533.235393524,
      46784411.51186371,
      46432438.33093262,
      45663747.42808914,
      45524949.112537384,
      46665865.32736206,
      45937231.739681244,
      45309340.68271637,
      46455707.11682892,
      46329752.90643692,
      46537960.66914749,
      46474683.733493805,
      47439793.076538086,
      46920049.342689514,
      45365564.829021454,
      46822517.246398926,
      44887013.330402374,
      45215125.299655914,
      47166286.62615204,
      45464013.35569,
      46424178.65778732,
      46077069.65201187,
      47002248.08373642,
      47527899.96472931,
      45248589.60692215,
      45995845.73177719,
      46288406.4848938,
      46901098.247348785,
      46225261.80271149,
      46981711.998428345,
      45824934.8382225,
      47366328.003479004,
      47530103.828365326,
      45790470.83636093,
      46896173.07316208,
      46250511.70781708,
      44762546.02417755,
      47985117.79968643,
      47548415.098869324,
      46027255.736083984,
      44928800.140384674,
      44711379.4078331,
      45412779.531822205,
      46316513.85684204,
      46407811.89013672,
      46768354.467250824,
      46695243.13196182,
      47447939.08776474,
      45080499.69161224,
      45082292.57538986,
      46061445.82948303,
      47059688.674201965,
      45664797.799842834,
      46496208.552734375,
      47225879.33800888,
      48038261.422771454,
      45471983.43401337,
      46228130.8720932,
      46893793.25240326,
      46350028.38943863,
      46404953.489788055
    ],
    "episode_lengths": [
      1000,
      1000,
      1000,
      1000,
      1000,
      1000,
      1000,
      1000,
      1000,
      1000,
      1000,
      1000,
      1000,
      1000,
      1000,
      1000,
      1000,
      1000,
      1000,
      1000,
      1000,
      1000,
      1000,
      1000,
      1000,
      1000,
      1000,
      1000,
      1000,
      1000,
      1000,
      1000,
      1000,
      1000,
      1000,
      1000,
      1000,
      1000,
      1000,
      1000,
      1000,
      1000,
      1000,
      1000,
      1000,
      1000,
      1000,
      1000,
      1000,
      1000,
      1000,
      1000,
      1000,
      1000,
      1000,
      1000,
      1000,
      1000,
      1000,
      1000,
      1000,
      1000,
      1000,
      1000,
      1000,
      1000,
      1000,
      1000,
      1000,
      1000,
      1000,
      1000,
      1000,
      1000,
      1000,
      1000,
      1000,
      1000,
      1000,
      1000,
      1000,
      1000,
      1000,
      1000,
      1000,
      1000,
      1000,
      1000,
      1000,
      1000,
      1000,
      1000,
      1000,
      1000,
      1000,
      1000,
      1000,
      1000,
      1000,
      1000
    ]
  },
  "baseline": {
    "mean_reward": -18202409.677310392,
    "std_reward": 458545.049585822,
    "min_reward": -19852346.570700593,
    "max_reward": -17279157.167100273,
    "median_reward": -18199489.39075629,
    "ci_reward_lower": -18293853.330418218,
    "ci_reward_upper": -18110966.024202567,
    "mean_cost": 18202409.677310392,
    "std_cost": 458545.049585822,
    "min_cost": 17279157.167100273,
    "max_cost": 19852346.570700593,
    "median_cost": 18199489.39075629,
    "ci_lower": 18110966.024202567,
    "ci_upper": 18293853.330418218,
    "mean_length": 1000.0,
    "std_length": 0.0,
    "mean_inventory": 314.85495419334876,
    "mean_backorders": 939.9871680587917,
    "mean_orders": 3.949633862795503,