{
  "ppo": {
    "mean_reward": -39119.054715318445,
    "std_reward": 895.4056691334615,
    "min_reward": -41174.76304951854,
    "max_reward": -36414.89615118027,
    "median_reward": -39076.46344723702,
    "ci_reward_lower": -39297.617684154284,
    "ci_reward_upper": -38940.49174648261,
    "mean_cost": 39119054.71531845,
    "std_cost": 895405.6691334632,
    "min_cost": 36414896.15118027,
    "max_cost": 41174763.049518585,
    "median_cost": 39076463.447237015,
    "ci_lower": 38940491.74648261,
    "ci_upper": 39297617.68415429,
    "mean_length": 1000.0,
    "std_length": 0.0,
    "mean_inventory": 0.6788434982299805,
    "mean_backorders": 0.0,
    "mean_orders": 2.585345983505249,
    "episode_rewards": [
      -36414.89615118027,
      -39511.00051440423,
      -39113.35661852264,
      -39442.01357341768,
      -38837.03341940691,
      -40136.54260182959,
      -39331.2216822014,
      -40436.9773141251,
      -39587.68662055968,
      -37704.46066553874,
      -39077.612352794655,
      -40152.64275787729,
      -38529.847595615414,
      -39621.027607906326,
      -39276.308958728885,
      -40929.65944822305,
      -39592.126639400456,
      -38229.139534412396,
      -38612.57679208372,
      -39372.728532913156,
      -38255.265861618005,
      -39119.39896865472,
      -38771.701076244324,
      -37870.077986907956,
      -39476.79977905276,
      -38325.629534622116,
      -38704.74876518253,
      -38983.32612863157,
      -38110.40210583106,
      -40574.37594700997,
      -38801.05485540394,
      -40599.376014205875,
      -41059.628656867935,
      -40420.77538230894,
      -39948.38689326096,
      -38286.05869744496,
      -39146.764251915076,
      -37820.465937931,
      -40514.04469102476,
      -39770.52094453433,
      -38313.42454059211,
      -40552.63182011797,
      -37161.78557828522,
      -38067.6581887436,
      -39732.78716681674,
      -38754.04087991343,
      -39908.01532906338,
      -38678.913158382355,
      -38033.204637367286,
      -39693.79253153989,
      -40230.862220382725,
      -38270.837916732795,
      -39866.04625885004,
      -38898.5931716576,
      -39389.46185105895,
      -39009.94288786698,
      -38826.11721331032,
      -38809.110053508724,
      -38214.37542116932,
      -39185.16809075173,
      -39017.15077886577,
      -37890.47248210523,
      -38168.87031800459,
      -38993.63151020813,
      -38750.294100456216,
      -37563.59836376944,
      -39528.72720872499,
      -39063.90938471992,
      -37937.82703650672,
      -39075.314541679385,
      -38710.39201253506,
      -39654.78282359314,
      -40119.65348134618,
      -39455.297185009025,
      -38802.334869560174,
      -38596.35913657381,
      -39324.1355781746,
      -39001.91589928437,
      -37866.77641995615,
      -39863.13404187007,
      -40588.21018883138,
      -40551.845625949834,
      -37601.48420914834,
      -40096.532144420555,
      -38607.937965976715,
      -41174.76304951854,
      -39435.50631573113,
      -40387.63888793175,
      -39060.06780072408,
      -39267.52906979754,
      -38843.15531010051,
      -38775.50300322732,
      -39810.83006516645,
      -39168.72919211959,
      -38469.42573833466,
      -39303.83113806153,
      -39306.93477790066,
      -38209.859245174375,
      -38233.13430623634,
      -39563.54554864501
    ],
    "episode_costs": [
      36414896.15118027,
      39511000.5144043,
      39113356.618522644,
      39442013.57341766,
      38837033.41940689,
      40136542.60182953,
      39331221.682201385,
      40436977.31412506,
      39587686.62055969,
      37704460.66553879,
      39077612.35279465,
      40152642.75787735,
      38529847.59561539,
      39621027.60790634,
      39276308.95872879,
      40929659.448223114,
      39592126.63940048,
      38229139.534412384,
      38612576.79208374,
      39372728.53291321,
      38255265.86161804,
      39119398.96865463,
      38771701.076244354,
      37870077.98690796,
      39476799.779052734,
      38325629.53462219,
      38704748.765182495,
      38983326.12863159,
      38110402.105831146,
      40574375.94701004,
      38801054.8554039,
      40599376.01420593,
      41059628.65686798,
      40420775.38230896,
      39948386.893260956,
      38286058.697444916,
      39146764.25191498,
      37820465.93793106,
      40514044.69102478,
      39770520.9445343,
      38313424.54059219,
      40552631.82011795,
      37161785.57828522,
      38067658.18874359,
      39732787.16681671,
      38754040.87991333,
      39908015.329063416,
      38678913.158382416,
      38033204.63736725,
      39693792.53153992,
      40230862.22038269,
      38270837.91673279,
      39866046.2588501,
      38898593.17165756,
      39389461.85105896,
      39009942.887866974,
      38826117.21331024,
      38809110.05350876,
      38214375.42116928,
      39185168.09075165,
      39017150.778865814,
      37890472.482105255,
      38168870.31800461,
      38993631.51020813,
      38750294.10045624,
      37563598.36376953,
      39528727.208724976,
      39063909.38471985,
      37937827.03650665,
      39075314.54167938,
      38710392.012535095,
      39654782.82359314,
      40119653.48134613,
      39455297.185009,
      38802334.86956024,
      38596359.13657379,
      39324135.57817459,
      39001915.89928436,
      37866776.41995621,
      39863134.04187012,
      40588210.18883133,
      40551845.62594986,
      37601484.20914841,
      40096532.144420624,
      38607937.965976715,
      41174763.049518585,
      39435506.31573105,
      40387638.887931824,
      39060067.80072403,
      39267529.069797516,
      38843155.310100555,
      38775503.003227234,
      39810830.06516647,
      39168729.1921196,
      38469425.738334656,
      39303831.13806152,
      39306934.777900696,
      38209859.24517441,
      38233134.30623627,
      39563545.54864502
    ],
    "episode_lengths": [
      1000,
      1000,
      1000,
      1000,
      1000,
      1000,
      1000,
      1000,
      1000,
      1000,
      1000,
      1000,
      1000,
      1000,
      1000,
      1000,
      1000,
      1000,
      1000,
      1000,
      1000,
      1000,
      1000,
      1000,
      1000,
      1000,
      1000,
      1000,
      1000,
      1000,
      1000,
      1000,
      1000,
      1000,
      1000,
      1000,
      1000,
      1000,
      1000,
      1000,
      1000,
      1000,
      1000,
      1000,
      1000,
      1000,
      1000,
      1000,
      1000,
      1000,
      1000,
      1000,
      1000,
      1000,
      1000,
      1000,
      1000,
      1000,
      1000,
      1000,
      1000,
      1000,
      1000,
      1000,
      1000,
      1000,
      1000,
      1000,
      1000,
      1000,
      1000,
      1000,
      1000,
      1000,
      1000,
      1000,
      1000,
      1000,
      1000,
      1000,
      1000,
      1000,
      1000,
      1000,
      1000,
      1000,
      1000,
      1000,
      1000,
      1000,
      1000,
      1000,
      1000,
      1000,
      1000,
      1000,
      1000,
      1000,
      1000,
      1000
    ]
  },
  "baseline": {
    "mean_reward": -21780.164360000002,
    "std_reward": 605.4942409953449,
    "min_reward": -23434.08499999999,
    "max_reward": -20553.927000000003,
    "median_reward": -21746.478499999997,
    "ci_reward_lower": -21900.91281292164,
    "ci_reward_upper": -21659.415907078364,
    "mean_cost": 21780164.36,
    "std_cost": 605494.2409953462,
    "min_cost": 20553927.0,
    "max_cost": 23434085.0,
    "median_cost": 21746478.5,
    "ci_lower": 21659415.90707836,
    "ci_upper": 21900912.81292164,
    "mean_length": 1000.0,
    "std_length": 0.0,
    "mean_inventory": 500.0,
    "mean_backorders": 0.0,
    "mean_orders": 4.0,