{
  "middle": {
    "s": 18376.353844774643,
    "S": 27987.113171672594
  },
  "leaf1": {
    "s": 9897.03006189435,
    "S": 14856.782436766538
  },
  "leaf2": {
    "s": 2456.3581227581376,
    "S": 4325.024978241269
  }
}